Wed Jul  5 01:56:45 UTC 2023
Thu Jul  6 01:59:49 UTC 2023
Fri Jul  7 01:57:17 UTC 2023
Sat Jul  8 01:56:14 UTC 2023
Sun Jul  9 02:06:55 UTC 2023
Mon Jul 10 01:58:58 UTC 2023
Tue Jul 11 01:49:27 UTC 2023
Wed Jul 12 01:57:47 UTC 2023
Thu Jul 13 02:00:15 UTC 2023
Fri Jul 14 01:59:49 UTC 2023
Sat Jul 15 01:58:30 UTC 2023
Sun Jul 16 02:10:32 UTC 2023
Mon Jul 17 02:03:07 UTC 2023
Tue Jul 18 02:07:29 UTC 2023
Wed Jul 19 02:55:25 UTC 2023
Thu Jul 20 01:37:40 UTC 2023
Fri Jul 21 01:39:47 UTC 2023
Sat Jul 22 01:37:25 UTC 2023
Sun Jul 23 01:44:42 UTC 2023
Mon Jul 24 01:39:25 UTC 2023
Tue Jul 25 01:49:24 UTC 2023
Wed Jul 26 01:41:02 UTC 2023
